# OTU,S6,S3,S10,S7,S1,S8,S9,S2,S5,S4,taxonomy
JQ455635_1_1212,23,0,107,1772,1,1735,0,0,6,0,k__Bacteria; p__Actinobacteria; c__Actinobacteria; o__Actinomycetales; f__Actinomycetaceae; g__Actinomyces; s__
DQ793863_1_1389,0,0,0,0,1006,0,0,693,0,1,k__Bacteria; p__Firmicutes; c__Clostridia; o__Clostridiales; f__Ruminococcaceae; g__Subdoligranulum; s__
DQ801443_1_1401,0,0,0,0,627,0,0,605,1,0,k__Bacteria; p__Bacteroidetes; c__Bacteroidia; o__Bacteroidales; f__Bacteroidaceae; g__Bacteroides; s__
FJ363204_1_1363,0,0,0,0,1138,0,0,375,0,0,k__Bacteria; p__Bacteroidetes; c__Bacteroidia; o__Bacteroidales; f__Bacteroidaceae; g__Bacteroides; s__
JQ448104_1_1407,12,0,0,3498,0,4028,0,0,8,0,k__Bacteria; p__Actinobacteria; c__Actinobacteria; o__Corynebacteriales; f__Corynebacteriaceae; g__Corynebacterium; s__
JQ452661_1_1216,1,0,18,1143,0,3097,0,0,0,0,k__Bacteria; p__Fusobacteria; c__Fusobacteriia; o__Fusobacteriales; f__Leptotrichiaceae; g__Leptotrichia; s__
DQ798112_1_1390,0,120,0,1,1107,0,11,739,0,166,k__Bacteria; p__Firmicutes; c__Clostridia; o__Clostridiales; f__Lachnospiraceae; g__Lachnospiraceae UCG-008; s__
AY960567_1_1475,0,0,0,0,614,5,0,671,1,0,k__Bacteria; p__Firmicutes; c__Clostridia; o__Clostridiales; f__Lachnospiraceae; g__Lachnospiraceae UCG-008; s__Ruminococcus sp CE2
CP001750_2553449_2554967,7,4225,0,3,1,1,0,2,10,1370,k__Bacteria; p__Actinobacteria; c__Actinobacteria; o__Bifidobacteriales; f__Bifidobacteriaceae; g__Bifidobacterium; s__Bifidobacterium dentium Bd1
KU978153_1_1387,5444,9,0,1074,15,1056,0,1,955,10,k__Bacteria; p__Firmicutes; c__Bacilli; o__Lactobacillales; f__Streptococcaceae; g__Streptococcus; s__
AY959170_1_1490,4423,0,217,1762,0,1051,497,0,1620,0,k__Bacteria; p__Firmicutes; c__Bacilli; o__Bacillales; f__Staphylococcaceae; g__Staphylococcus; s__
HQ745323_1_1440,1,6189,15,1,144,1,0,73,2,2197,k__Bacteria; p__Firmicutes; c__Clostridia; o__Clostridiales; f__Lachnospiraceae; g__[Ruminococcus] gnavus group; s__uncultured organism
EU763256_1_1282,0,3,0,0,757,2,0,791,0,1,k__Bacteria; p__Firmicutes; c__Clostridia; o__Clostridiales; f__Lachnospiraceae; g__[Eubacterium] hallii group; s__
FJ773366_1_1414,503,4,189,1771,6,1960,1,2,280,1,k__Bacteria; p__Firmicutes; c__Bacilli; o__Lactobacillales; f__Streptococcaceae; g__Streptococcus; s__uncultured Streptococcus sp
JQ452487_1_1287,4,0,0,1027,0,1200,0,0,1,0,k__Bacteria; p__Actinobacteria; c__Actinobacteria; o__Actinomycetales; f__Actinomycetaceae; g__F0332; s__
DQ798004_1_1393,0,0,0,0,1260,0,0,3417,0,0,k__Bacteria; p__Firmicutes; c__Clostridia; o__Clostridiales; f__Ruminococcaceae; g__Ruminococcus 2; s__
DQ802233_1_1212,0,15,0,0,1019,1,0,213,0,11,k__Bacteria; p__Firmicutes; c__Clostridia; o__Clostridiales; f__Lachnospiraceae; g__Anaerostipes; s__
JF148966_1_1361,0,0,102,1699,0,666,0,0,2,0,k__Bacteria; p__Proteobacteria; c__Gammaproteobacteria; o__Betaproteobacteriales; f__Neisseriaceae; g__; s__
JN854182_82214_83703,244,0,0,3519,0,360,0,0,6278,0,k__Bacteria; p__Cyanobacteria; c__Oxyphotobacteria; o__Chloroplast; f__Pinus morrisonicola; g__Pinus morrisonicola; s__Pinus morrisonicola
KF098201_1_1339,1282,0,0,420,0,166,0,0,979,0,k__Bacteria; p__Actinobacteria; c__Actinobacteria; o__Corynebacteriales; f__Corynebacteriaceae; g__Corynebacterium 1; s__
GQ493973_1_1202,0,2261,0,1,3,0,0,0,1,1778,k__Bacteria; p__Firmicutes; c__Erysipelotrichia; o__Erysipelotrichales; f__Erysipelotrichaceae; g__Erysipelatoclostridium; s__
DQ805753_1_1384,0,1,0,0,875,0,0,656,0,0,k__Bacteria; p__Firmicutes; c__Clostridia; o__Clostridiales; f__Lachnospiraceae; g__[Ruminococcus] torques group; s__
KF100702_1_1311,1864,0,0,11,0,16,0,0,217,0,k__Bacteria; p__Actinobacteria; c__Actinobacteria; o__Corynebacteriales; f__Corynebacteriaceae; g__Corynebacterium 1; s__
FPLN01008255_16_1537,25,3750,8176,5,7,10,5441,6,30,3203,k__Bacteria; p__Proteobacteria; c__Gammaproteobacteria; o__Enterobacteriales; f__Enterobacteriaceae; g__Escherichia-Shigella; s__metagenome
DQ230969_1_1444,10,0,3881,12,0,8,12556,0,13,0,k__Bacteria; p__Proteobacteria; c__Alphaproteobacteria; o__Sphingomonadales; f__Sphingomonadaceae; g__Novosphingobium; s__uncultured alpha proteobacterium
DQ803787_1_1392,0,1306,0,0,19,0,614,7,0,967,k__Bacteria; p__Firmicutes; c__Clostridia; o__Clostridiales; f__Lachnospiraceae; g__Eisenbergiella; s__
DQ799844_1_1392,0,0,49,0,938,0,0,703,0,1,k__Bacteria; p__Firmicutes; c__Clostridia; o__Clostridiales; f__Lachnospiraceae; g__Blautia; s__
DQ801760_1_1393,1,2576,0,0,3501,0,2351,1596,0,3872,k__Bacteria; p__Firmicutes; c__Clostridia; o__Clostridiales; f__Ruminococcaceae; g__Faecalibacterium; s__
DQ808680_1_1386,0,0,0,0,645,0,0,484,2,0,k__Bacteria; p__Firmicutes; c__Clostridia; o__Clostridiales; f__Ruminococcaceae; g__Faecalibacterium; s__
KX198608_1_1238,2,0,3529,0,0,1,332,0,1,0,k__Bacteria; p__Proteobacteria; c__Alphaproteobacteria; o__Rhizobiales; f__Beijerinckiaceae; g__Methylobacterium; s__Methylobacterium salsuginis
FPLM01003997_2_1438,737,0,22,8,0,1,0,0,242,0,k__Bacteria; p__Actinobacteria; c__Actinobacteria; o__Corynebacteriales; f__Mycobacteriaceae; g__Mycobacterium; s__metagenome
AB202203_1_1453,67,0,747,9,0,33,173,0,20,0,k__Bacteria; p__Proteobacteria; c__Alphaproteobacteria; o__Sphingomonadales; f__Sphingomonadaceae; g__Sphingomonas; s__bacterium 072832
JF101079_1_1256,429,0,193,2670,0,1560,0,0,584,0,k__Bacteria; p__Actinobacteria; c__Actinobacteria; o__Corynebacteriales; f__Corynebacteriaceae; g__Lawsonella; s__
JN082686_1_1483,1,0,0,0,0,0,822,0,0,0,k__Bacteria; p__Proteobacteria; c__Alphaproteobacteria; o__Rhizobiales; f__Beijerinckiaceae; g__Camelimonas; s__uncultured Microvirga sp
LC106983_1_1401,80,0,61,9,0,11,1578,0,18,0,k__Bacteria; p__Proteobacteria; c__Alphaproteobacteria; o__Rhizobiales; f__Xanthobacteraceae; g__Bradyrhizobium; s__Bradyrhizobium japonicum
HQ813592_1_1431,7,0,0,3,611,5,7,188,5,8,k__Bacteria; p__Proteobacteria; c__Gammaproteobacteria; o__Betaproteobacteriales; f__Burkholderiaceae; g__Sutterella; s__uncultured organism
DQ806398_1_1406,0,0,0,0,266,0,0,89,0,0,k__Bacteria; p__Firmicutes; c__Clostridia; o__Clostridiales; f__Lachnospiraceae; g__Lachnospiraceae UCG-004; s__
DQ801613_1_1322,0,0,0,0,298,0,0,309,1,0,k__Bacteria; p__Firmicutes; c__Clostridia; o__Clostridiales; f__Lachnospiraceae; g__Lachnospiraceae ND3007 group; s__
JQ446821_1_1402,328,0,0,480,0,899,1,0,54,0,k__Bacteria; p__Proteobacteria; c__Gammaproteobacteria; o__Betaproteobacteriales; f__Neisseriaceae; g__Neisseria; s__
JQ464095_1_1368,0,0,0,217,0,458,0,0,1,0,k__Bacteria; p__Fusobacteria; c__Fusobacteriia; o__Fusobacteriales; f__Leptotrichiaceae; g__Leptotrichia; s__
JQ475317_1_1231,59,0,0,433,0,1071,0,0,3,0,k__Bacteria; p__Fusobacteria; c__Fusobacteriia; o__Fusobacteriales; f__Fusobacteriaceae; g__Fusobacterium; s__
EU705715_1_1218,14,0,0,30,0,13,1214,0,14,0,k__Bacteria; p__Proteobacteria; c__Gammaproteobacteria; o__Betaproteobacteriales; f__Burkholderiaceae; g__Delftia; s__
DQ805763_1_1389,0,0,0,1,462,0,0,253,0,0,k__Bacteria; p__Firmicutes; c__Clostridia; o__Clostridiales; f__Lachnospiraceae; g__Lachnospiraceae UCG-008; s__
DQ793742_1_1312,0,0,0,0,750,1,0,220,1,0,k__Bacteria; p__Firmicutes; c__Erysipelotrichia; o__Erysipelotrichales; f__Erysipelotrichaceae; g__Erysipelotrichaceae UCG-003; s__
DQ824266_1_1288,0,0,0,4,323,22,1,142,0,0,k__Bacteria; p__Firmicutes; c__Clostridia; o__Clostridiales; f__Lachnospiraceae; g__Lachnospiraceae UCG-008; s__
DQ794179_1_1290,0,0,0,2,281,7,0,416,1,0,k__Bacteria; p__Firmicutes; c__Clostridia; o__Clostridiales; f__Lachnospiraceae; g__Lachnoclostridium; s__
HM480175_1_1442,19,0,0,4,0,4,347,0,0,0,k__Bacteria; p__Proteobacteria; c__Alphaproteobacteria; o__Caulobacterales; f__Caulobacteraceae; g__; s__uncultured alpha proteobacterium
DQ799311_1_1388,0,0,0,0,152,0,0,494,0,0,k__Bacteria; p__Firmicutes; c__Clostridia; o__Clostridiales; f__Lachnospiraceae; g__Tyzzerella 3; s__
DQ797267_1_1391,0,5,0,0,616,0,0,82,0,3,k__Bacteria; p__Firmicutes; c__Clostridia; o__Clostridiales; f__Lachnospiraceae; g__Lachnospiraceae UCG-008; s__
LK985387_1_1470,2,0,728,2,0,1,0,0,1,0,k__Bacteria; p__Proteobacteria; c__Alphaproteobacteria; o__Rhizobiales; f__Rhizobiales Incertae Sedis; g__Phreatobacter; s__bacterium YEK0313
DQ793412_1_1366,0,0,0,0,442,0,0,100,0,0,k__Bacteria; p__Actinobacteria; c__Coriobacteriia; o__Coriobacteriales; f__Coriobacteriaceae; g__Collinsella; s__
JQ465385_1_1354,1,0,0,60,0,603,0,1,1,0,k__Bacteria; p__Bacteroidetes; c__Bacteroidia; o__Flavobacteriales; f__Flavobacteriaceae; g__Capnocytophaga; s__
DQ797570_1_1393,0,0,0,0,204,0,0,109,0,0,k__Bacteria; p__Firmicutes; c__Clostridia; o__Clostridiales; f__Lachnospiraceae; g__[Eubacterium] hallii group; s__
AF241707_1_1350,0,0,0,1,0,0,271,0,3,0,k__Bacteria; p__Proteobacteria; c__Alphaproteobacteria; o__Rickettsiales; f__Mitochondria; g__Talaromyces purpureogenus; s__Talaromyces purpureogenus
JF146200_1_1372,95,0,0,379,2,308,0,0,63,1,k__Bacteria; p__Firmicutes; c__Bacilli; o__Bacillales; f__Family XI; g__Gemella; s__
CP004036_2084177_2085673,21,0,11,5,0,9,370,0,13,0,k__Bacteria; p__Proteobacteria; c__Alphaproteobacteria; o__Sphingomonadales; f__Sphingomonadaceae; g__Sphingomonas; s__Sphingomonas sp MM-1
JQ456217_1_1331,7,0,0,127,0,512,0,0,4,0,k__Bacteria; p__Proteobacteria; c__Gammaproteobacteria; o__Betaproteobacteriales; f__Burkholderiaceae; g__Lautropia; s__
HK556706_9_1517,0,0,0,0,555,0,0,192,0,0,k__Bacteria; p__Bacteroidetes; c__Bacteroidia; o__Bacteroidales; f__Prevotellaceae; g__Paraprevotella; s__unidentified
GU437239_1_1463,2,0,0,0,0,0,388,0,0,0,k__Bacteria; p__Proteobacteria; c__Alphaproteobacteria; o__Rhizobiales; f__Beijerinckiaceae; g__Methylobacterium; s__
HQ998861_1_1490,0,0,0,2,0,0,528,0,2,0,k__Bacteria; p__Proteobacteria; c__Gammaproteobacteria; o__Xanthomonadales; f__Xanthomonadaceae; g__Stenotrophomonas; s__Stenotrophomonas sp E3(2011)
FN668375_4306350_4307682,6,629,0,8,7,2,0,0,2,356,k__Bacteria; p__Firmicutes; c__Clostridia; o__Clostridiales; f__Peptostreptococcaceae; g__Clostridioides; s__Clostridioides difficile M68
JX048331_1_1329,0,0,0,1,633,0,0,490,0,0,k__Bacteria; p__Bacteroidetes; c__Bacteroidia; o__Bacteroidales; f__Bacteroidaceae; g__Bacteroides; s__bacterium NLAE-zl-G339
FPLM01000559_10_1453,555,0,0,34,0,85,0,0,56,0,k__Bacteria; p__Proteobacteria; c__Alphaproteobacteria; o__Rhodobacterales; f__Rhodobacteraceae; g__Amaricoccus; s__metagenome
FJ368292_1_1361,0,595,0,9,64,18,1,53,1,305,k__Bacteria; p__Firmicutes; c__Clostridia; o__Clostridiales; f__Lachnospiraceae; g__[Ruminococcus] torques group; s__
KR351301_1_1332,24,0,4,22,0,11,445,0,14,0,k__Bacteria; p__Proteobacteria; c__Gammaproteobacteria; o__Pseudomonadales; f__Pseudomonadaceae; g__Pseudomonas; s__Pseudomonas fulva
GFBT01001940_105_1549,54,0,60,843,0,138,0,0,1272,0,k__Bacteria; p__Cyanobacteria; c__Oxyphotobacteria; o__Chloroplast; f__Nymphoides peltata; g__Nymphoides peltata; s__Nymphoides peltata
GQ388925_1_1497,7,0,0,535,0,705,0,0,2,0,k__Bacteria; p__Actinobacteria; c__Actinobacteria; o__Actinomycetales; f__Actinomycetaceae; g__Actinomyces; s__
KJ794154_1_1201,0,119,0,0,31,0,1108,6,0,35,k__Bacteria; p__Firmicutes; c__Clostridia; o__Clostridiales; f__Lachnospiraceae; g__Lachnoclostridium 5; s__Clostridium sp BAB-4185
HQ807488_1_1466,5,923,56,207,1,105,0,0,108,375,k__Bacteria; p__Firmicutes; c__Negativicutes; o__Selenomonadales; f__Veillonellaceae; g__Veillonella; s__uncultured organism
AB362486_1_1429,4,0,0,4,0,0,470,0,1,0,k__Bacteria; p__Proteobacteria; c__Gammaproteobacteria; o__Betaproteobacteriales; f__Burkholderiaceae; g__Burkholderia-Caballeronia-Paraburkholderia; s__Burkholderia sp KTC-1
KT353085_1_1206,1,0,0,0,0,0,557,0,0,0,k__Bacteria; p__Bacteroidetes; c__Bacteroidia; o__Chitinophagales; f__Chitinophagaceae; g__Sediminibacterium; s__Sediminibacterium sp HSD04
EU763235_1_1354,0,129,0,0,77,0,0,65,0,335,k__Bacteria; p__Firmicutes; c__Clostridia; o__Clostridiales; f__Ruminococcaceae; g__Flavonifractor; s__
JQ993484_1_1535,0,280,0,0,1,0,0,1,0,243,k__Bacteria; p__Firmicutes; c__Clostridia; o__Clostridiales; f__Ruminococcaceae; g__Ruminiclostridium; s__uncultured Clostridia bacterium
DQ256336_1_1486,0,0,8,0,0,0,538,0,0,0,k__Bacteria; p__Proteobacteria; c__Gammaproteobacteria; o__Alteromonadales; f__Alteromonadaceae; g__Alishewanella; s__
FJ432294_1_1202,192,0,0,122,0,242,117,0,101,0,k__Bacteria; p__Proteobacteria; c__Alphaproteobacteria; o__Rhizobiales; f__Beijerinckiaceae; g__Methylobacterium; s__
DQ793526_1_1303,0,0,0,0,186,0,0,290,0,0,k__Bacteria; p__Bacteroidetes; c__Bacteroidia; o__Bacteroidales; f__Tannerellaceae; g__Parabacteroides; s__
HM438565_1_1391,12,0,0,11,0,2,539,0,3,0,k__Bacteria; p__Proteobacteria; c__Alphaproteobacteria; o__Sphingomonadales; f__Sphingomonadaceae; g__Novosphingobium; s__uncultured Novosphingobium sp
FJ365559_1_1250,0,0,0,0,173,0,0,106,0,0,k__Bacteria; p__Bacteroidetes; c__Bacteroidia; o__Bacteroidales; f__Rikenellaceae; g__Alistipes; s__
KY041763_1_1242,253,70,0,48,0,54,0,0,53,50,k__Bacteria; p__Firmicutes; c__Bacilli; o__Lactobacillales; f__Lactobacillaceae; g__Lactobacillus; s__Lactobacillus rhamnosus
JQ453436_1_1239,0,0,0,50,0,250,0,0,1,0,k__Bacteria; p__Proteobacteria; c__Gammaproteobacteria; o__Betaproteobacteriales; f__Neisseriaceae; g__Kingella; s__
DQ794378_1_1378,0,0,0,1,1611,1,0,603,1,0,k__Bacteria; p__Firmicutes; c__Clostridia; o__Clostridiales; f__Ruminococcaceae; g__Faecalibacterium; s__
JQ452447_1_1393,8,0,0,191,0,158,0,0,4,0,k__Bacteria; p__Actinobacteria; c__Actinobacteria; o__Corynebacteriales; f__Corynebacteriaceae; g__Corynebacterium; s__
EU764976_1_1376,0,0,0,0,377,0,0,140,0,0,k__Bacteria; p__Firmicutes; c__Negativicutes; o__Selenomonadales; f__Acidaminococcaceae; g__Phascolarctobacterium; s__
JQ450662_1_1390,5,0,0,270,0,676,0,0,3,0,k__Bacteria; p__Proteobacteria; c__Gammaproteobacteria; o__Betaproteobacteriales; f__Neisseriaceae; g__Eikenella; s__
JF163668_1_1348,393,0,0,68,0,73,0,0,64,0,k__Bacteria; p__Actinobacteria; c__Actinobacteria; o__Micrococcales; f__Micrococcaceae; g__Kocuria; s__
HK556925_1_1319,243,0,0,41,0,157,0,0,41,0,k__Bacteria; p__Proteobacteria; c__Alphaproteobacteria; o__Acetobacterales; f__Acetobacteraceae; g__Roseomonas; s__unidentified
KJ509869_1_1432,11,0,162,13,0,13,260,0,9,0,k__Bacteria; p__Firmicutes; c__Bacilli; o__Bacillales; f__Bacillaceae; g__Geobacillus; s__Parageobacillus toebii
KP409886_1_1221,13,0,0,9,0,26,425,0,10,0,k__Bacteria; p__Proteobacteria; c__Gammaproteobacteria; o__Pseudomonadales; f__Pseudomonadaceae; g__Pseudomonas; s__uncultured prokaryote
KF100833_1_1353,0,0,46,62,0,7,235,0,10,0,k__Bacteria; p__Actinobacteria; c__Actinobacteria; o__Propionibacteriales; f__Propionibacteriaceae; g__Cutibacterium; s__
EU358721_1_1498,0,0,0,1,203,3,0,157,0,0,k__Bacteria; p__Firmicutes; c__Clostridia; o__Clostridiales; f__Lachnospiraceae; g__Coprococcus 3; s__
JQ855611_1_1243,10,0,0,4,0,1,232,0,3,0,k__Bacteria; p__Actinobacteria; c__Actinobacteria; o__Micrococcales; f__Dermatophilaceae; g__; s__
DQ793685_1_1290,0,0,3,1,50,0,196,39,0,0,k__Bacteria; p__Firmicutes; c__Clostridia; o__Clostridiales; f__Ruminococcaceae; g__Ruminiclostridium 5; s__
KF826010_1_1436,20,379,0,55,0,30,0,0,26,103,k__Bacteria; p__Firmicutes; c__Bacilli; o__Lactobacillales; f__Enterococcaceae; g__Enterococcus; s__Enterococcus sp CGLBL109
EU475866_1_1292,0,0,0,0,196,0,0,71,1,0,k__Bacteria; p__Firmicutes; c__Clostridia; o__Clostridiales; f__Ruminococcaceae; g__Ruminococcaceae UCG-005; s__
AY040675_1_1488,0,0,0,0,0,0,355,0,0,0,k__Bacteria; p__Deinococcus-Thermus; c__Deinococci; o__Thermales; f__Thermaceae; g__Meiothermus; s__bacterium S119
GQ015406_1_1345,264,0,13,36,0,37,0,0,86,0,k__Bacteria; p__Actinobacteria; c__Actinobacteria; o__Corynebacteriales; f__Corynebacteriaceae; g__Corynebacterium 1; s__
KF098898_1_1326,17,0,166,9,0,4,0,0,6,0,k__Bacteria; p__Firmicutes; c__Clostridia; o__Clostridiales; f__Family XI; g__Anaerococcus; s__
AB594202_1_1457,410,0,0,1,0,1,0,0,19,0,k__Bacteria; p__Proteobacteria; c__Alphaproteobacteria; o__Acetobacterales; f__Acetobacteraceae; g__Roseomonas; s__Roseomonas elaeocarpi
KX508279_1_1446,286,0,0,15,0,112,0,0,39,0,k__Bacteria; p__Proteobacteria; c__Alphaproteobacteria; o__Rhizobiales; f__Beijerinckiaceae; g__1174-901-12; s__
JF144512_1_1351,68,0,0,133,0,207,0,1,14,0,k__Bacteria; p__Actinobacteria; c__Actinobacteria; o__Micrococcales; f__Micrococcaceae; g__Rothia; s__
JF240039_1_1322,197,0,0,6,0,9,0,0,56,0,k__Bacteria; p__Firmicutes; c__Bacilli; o__Lactobacillales; f__Carnobacteriaceae; g__Dolosigranulum; s__
HQ808779_1_1428,3,162,0,1,1,2,0,0,0,162,k__Bacteria; p__Firmicutes; c__Clostridia; o__Clostridiales; f__Clostridiaceae 1; g__Clostridium sensu stricto 1; s__uncultured organism
JQ455330_1_1408,68,0,0,270,4,122,0,0,87,2,k__Bacteria; p__Proteobacteria; c__Gammaproteobacteria; o__Pasteurellales; f__Pasteurellaceae; g__Haemophilus; s__
EU669568_1_1511,10,0,23,167,0,293,0,1,5,0,k__Bacteria; p__Actinobacteria; c__Coriobacteriia; o__Coriobacteriales; f__Atopobiaceae; g__Olsenella; s__uncultured Olsenella sp
GESU01004240_300_2027,34,0,0,69,0,21,0,0,272,0,k__Bacteria; p__Proteobacteria; c__Alphaproteobacteria; o__Rickettsiales; f__Mitochondria; g__Pinus canariensis; s__Pinus canariensis
DQ793257_1_1285,0,0,0,0,92,0,0,79,0,0,k__Bacteria; p__Firmicutes; c__Clostridia; o__Clostridiales; f__Ruminococcaceae; g__Ruminiclostridium 6; s__
KX508379_1_1481,10,0,87,8,0,14,1,0,6,0,k__Bacteria; p__Actinobacteria; c__Actinobacteria; o__Micrococcales; f__Microbacteriaceae; g__Frondihabitans; s__
CP014223_2350516_2352037,0,0,0,0,1,0,123,0,0,0,k__Bacteria; p__Firmicutes; c__Clostridia; o__Clostridiales; f__Lachnospiraceae; g__Tyzzerella; s__[Clostridium] propionicum DSM 1682
HK556450_1_1351,3,0,0,77,0,189,0,0,4,0,k__Bacteria; p__Fusobacteria; c__Fusobacteriia; o__Fusobacteriales; f__Leptotrichiaceae; g__Leptotrichia; s__unidentified
JQ187021_1_1359,3,105,0,0,582,0,0,250,0,38,k__Bacteria; p__Actinobacteria; c__Actinobacteria; o__Bifidobacteriales; f__Bifidobacteriaceae; g__Bifidobacterium; s__
EF693739_1_1395,130,0,93,31,0,42,0,0,58,0,k__Bacteria; p__Proteobacteria; c__Alphaproteobacteria; o__Sphingomonadales; f__Sphingomonadaceae; g__Sphingomonas; s__Sphingomonas sp CW19
JQ426904_1_1438,72,0,54,13,0,8,0,0,35,0,k__Bacteria; p__Proteobacteria; c__Alphaproteobacteria; o__Rhodobacterales; f__Rhodobacteraceae; g__Paracoccus; s__
GU227198_1_1891,8,0,0,88,0,205,0,0,1,0,k__Bacteria; p__Fusobacteria; c__Fusobacteriia; o__Fusobacteriales; f__Leptotrichiaceae; g__Leptotrichia; s__uncultured Leptotrichia sp
JF219117_1_1284,213,0,0,22,0,18,0,0,49,0,k__Bacteria; p__Proteobacteria; c__Alphaproteobacteria; o__Caulobacterales; f__Caulobacteraceae; g__Brevundimonas; s__
AB698680_1_1444,142,0,14,16,0,157,2,0,23,0,k__Bacteria; p__Proteobacteria; c__Alphaproteobacteria; o__Rhizobiales; f__Beijerinckiaceae; g__Methylobacterium; s__Methylobacterium sp 92d
DQ805650_1_1385,0,1,0,0,129,5,0,72,0,1,k__Bacteria; p__Firmicutes; c__Clostridia; o__Clostridiales; f__Lachnospiraceae; g__Lachnospiraceae UCG-008; s__
EU766238_1_1359,0,0,0,0,145,0,0,89,0,0,k__Bacteria; p__Bacteroidetes; c__Bacteroidia; o__Bacteroidales; f__Bacteroidaceae; g__Bacteroides; s__
JQ456274_1_1389,104,0,0,101,0,89,0,0,12,0,k__Bacteria; p__Actinobacteria; c__Actinobacteria; o__Micrococcales; f__Micrococcaceae; g__Rothia; s__
HQ795355_1_1429,0,131,0,5,5,8,0,6,1,31,k__Bacteria; p__Firmicutes; c__Clostridia; o__Clostridiales; f__Lachnospiraceae; g__[Ruminococcus] torques group; s__uncultured organism
HK555822_1_1297,0,0,0,6,125,4,0,85,1,0,k__Bacteria; p__Firmicutes; c__Clostridia; o__Clostridiales; f__Lachnospiraceae; g__Lachnospiraceae UCG-004; s__unidentified
GQ921467_1_1497,18,56,6,19,5,2,5,36,27,65,k__Bacteria; p__Proteobacteria; c__Gammaproteobacteria; o__Enterobacteriales; f__Enterobacteriaceae; g__Klebsiella; s__
FPLS01020539_1_1309,127,0,0,10,0,86,0,0,8,0,k__Bacteria; p__Proteobacteria; c__Alphaproteobacteria; o__Acetobacterales; f__Acetobacteraceae; g__; s__metagenome
JF168303_1_1318,43,0,0,27,0,18,0,0,31,0,k__Bacteria; p__Firmicutes; c__Clostridia; o__Clostridiales; f__Family XI; g__Finegoldia; s__
CEAB01039785_95_1626,0,0,0,0,73,0,0,127,0,0,k__Bacteria; p__Proteobacteria; c__Deltaproteobacteria; o__Desulfovibrionales; f__Desulfovibrionaceae; g__Bilophila; s__gut metagenome
HK555957_1_1491,0,0,0,0,185,0,0,46,0,0,k__Bacteria; p__Actinobacteria; c__Coriobacteriia; o__Coriobacteriales; f__Eggerthellaceae; g__Senegalimassilia; s__unidentified
DQ800246_1_1225,2,1,33,0,9,0,0,6,2,0,k__Bacteria; p__Firmicutes; c__Erysipelotrichia; o__Erysipelotrichales; f__Erysipelotrichaceae; g__Turicibacter; s__
JQ452567_1_1389,0,0,0,131,0,180,0,0,0,0,k__Bacteria; p__Actinobacteria; c__Actinobacteria; o__Actinomycetales; f__Actinomycetaceae; g__F0332; s__
JF830179_1_1509,44,1,26,228,0,18,0,0,46,0,k__Bacteria; p__Proteobacteria; c__Gammaproteobacteria; o__Pseudomonadales; f__Moraxellaceae; g__Acinetobacter; s__
AGWP01000005_70_1599,65,0,38,2,0,0,0,0,79,0,k__Bacteria; p__Actinobacteria; c__Actinobacteria; o__Actinomycetales; f__Actinomycetaceae; g__Actinomyces; s__Actinomyces neuii BVS029A5
JX993406_1_1200,19,0,89,6,0,7,0,0,2,0,k__Bacteria; p__Proteobacteria; c__Alphaproteobacteria; o__Rhizobiales; f__Beijerinckiaceae; g__Methylobacterium; s__Methylobacterium populi
HQ784037_1_1447,0,0,0,0,1119,0,0,405,2,0,k__Bacteria; p__Bacteroidetes; c__Bacteroidia; o__Bacteroidales; f__Bacteroidaceae; g__Bacteroides; s__uncultured organism
BABD01000482_1904_3411,0,0,0,0,639,0,0,610,1,0,k__Bacteria; p__Bacteroidetes; c__Bacteroidia; o__Bacteroidales; f__Bacteroidaceae; g__Bacteroides; s__human gut metagenome
JQ462645_1_1392,1,0,0,101,0,81,0,0,1,0,k__Bacteria; p__Bacteroidetes; c__Bacteroidia; o__Flavobacteriales; f__Flavobacteriaceae; g__Capnocytophaga; s__
JN869177_1_1525,50,0,7,55,0,32,12,0,42,0,k__Bacteria; p__Proteobacteria; c__Gammaproteobacteria; o__Betaproteobacteriales; f__Burkholderiaceae; g__; s__
AM265447_1_1474,0,0,0,0,633,0,0,502,1,0,k__Bacteria; p__Bacteroidetes; c__Bacteroidia; o__Bacteroidales; f__Bacteroidaceae; g__Bacteroides; s__
HK556968_1_1293,1,1,0,93,0,64,0,0,0,1,k__Bacteria; p__Actinobacteria; c__Actinobacteria; o__Bifidobacteriales; f__Bifidobacteriaceae; g__Scardovia; s__unidentified
DQ824104_1_1398,0,0,0,0,159,0,0,119,0,0,k__Bacteria; p__Firmicutes; c__Clostridia; o__Clostridiales; f__Ruminococcaceae; g__Butyricicoccus; s__
JQ466977_1_1395,2,0,14,77,0,186,0,0,1,0,k__Bacteria; p__Epsilonbacteraeota; c__Campylobacteria; o__Campylobacterales; f__Campylobacteraceae; g__Campylobacter; s__
HE610165_1_1454,0,0,101,0,0,0,0,0,0,0,k__Bacteria; p__Cyanobacteria; c__Oxyphotobacteria; o__Chloroplast; f__Tetraselmis cordiformis; g__Tetraselmis cordiformis; s__Tetraselmis cordiformis
KY176979_1_1486,207,0,0,4,0,16,0,0,32,0,k__Bacteria; p__Actinobacteria; c__Actinobacteria; o__Frankiales; f__Frankiaceae; g__Jatrophihabitans; s__Jatrophihabitans sp
BBID01001182_73_1567,65,0,0,2,0,4,0,0,38,0,k__Bacteria; p__Actinobacteria; c__Actinobacteria; o__Kineosporiales; f__Kineosporiaceae; g__Kineosporia; s__Kineosporia rhamnosa JCM 9954
JQ457814_1_1396,2,0,0,213,0,1128,0,0,0,0,k__Bacteria; p__Proteobacteria; c__Gammaproteobacteria; o__Cardiobacteriales; f__Cardiobacteriaceae; g__Cardiobacterium; s__
KF842598_1_1394,0,0,0,0,56,1,0,78,0,0,k__Bacteria; p__Bacteroidetes; c__Bacteroidia; o__Bacteroidales; f__Tannerellaceae; g__Parabacteroides; s__
GQ267969_1_1473,0,0,0,82,0,11,0,0,10,0,k__Bacteria; p__Firmicutes; c__Bacilli; o__Lactobacillales; f__Streptococcaceae; g__Lactococcus; s__
HQ813987_1_1442,0,0,0,0,51,0,0,30,0,0,k__Bacteria; p__Firmicutes; c__Clostridia; o__Clostridiales; f__Lachnospiraceae; g__; s__uncultured organism
DQ793496_1_1394,0,0,0,0,169,0,0,32,0,0,k__Bacteria; p__Firmicutes; c__Clostridia; o__Clostridiales; f__Lachnospiraceae; g__[Eubacterium] oxidoreducens group; s__
KF037267_1_1456,132,0,0,0,0,4,1,0,7,0,k__Bacteria; p__Proteobacteria; c__Alphaproteobacteria; o__Rhizobiales; f__Beijerinckiaceae; g__1174-901-12; s__
LMYF01009394_5533_7058,0,0,41,2,0,0,0,0,2,0,k__Bacteria; p__Verrucomicrobia; c__Verrucomicrobiae; o__Verrucomicrobiales; f__Verrucomicrobiaceae; g__Prosthecobacter; s__Hypsibius dujardini
GCVS01044766_16_1429,0,0,0,177,0,23,0,0,24,0,k__Bacteria; p__Cyanobacteria; c__Oxyphotobacteria; o__Chloroplast; f__Pardosa pseudoannulata; g__Pardosa pseudoannulata; s__Pardosa pseudoannulata
DQ793284_1_1397,0,0,0,1,444,0,0,411,2,0,k__Bacteria; p__Bacteroidetes; c__Bacteroidia; o__Bacteroidales; f__Bacteroidaceae; g__Bacteroides; s__
EU143364_1_1398,23,0,36,9,0,7,0,0,26,0,k__Bacteria; p__Actinobacteria; c__Actinobacteria; o__Propionibacteriales; f__Nocardioidaceae; g__Nocardioides; s__Nocardioides sp J111
FJ191718_1_1421,125,0,0,10,0,10,0,0,23,0,k__Bacteria; p__Proteobacteria; c__Alphaproteobacteria; o__Sphingomonadales; f__Sphingomonadaceae; g__Sphingobium; s__uncultured Sphingobium sp
AF200213_1_1828,3,0,43,0,0,0,0,0,3,0,k__Bacteria; p__Proteobacteria; c__Gammaproteobacteria; o__Pseudomonadales; f__Moraxellaceae; g__Psychrobacter; s__psychrophilic marine bacterium PS03
JQ923508_1_1457,3,0,83,0,0,1,0,0,0,0,k__Bacteria; p__Acidobacteria; c__Acidobacteriia; o__Solibacterales; f__Solibacteraceae (Subgroup 3); g__Bryobacter; s__
EU766134_1_1358,0,0,0,0,82,0,0,37,0,0,k__Bacteria; p__Bacteroidetes; c__Bacteroidia; o__Bacteroidales; f__Rikenellaceae; g__Alistipes; s__
EU554443_1_1465,50,0,0,13,0,23,0,0,26,0,k__Bacteria; p__Actinobacteria; c__Actinobacteria; o__Micrococcales; f__Micrococcaceae; g__Kocuria; s__Kocuria kristinae
KM819108_1_1529,91,1,0,28,0,40,0,0,17,0,k__Bacteria; p__Firmicutes; c__Bacilli; o__Lactobacillales; f__Lactobacillaceae; g__Lactobacillus; s__uncultured Bacillus sp
BAJG01000061_29_1539,0,0,0,61,0,67,0,0,0,0,k__Bacteria; p__Bacteroidetes; c__Bacteroidia; o__Bacteroidales; f__Prevotellaceae; g__Prevotella 7; s__Prevotella denticola DSM 20614 = JCM 13449
EF405079_1_1494,0,254,0,0,1,0,0,0,0,47,k__Bacteria; p__Firmicutes; c__Clostridia; o__Clostridiales; f__Lachnospiraceae; g__[Eubacterium] eligens group; s__
HAAC01027432_1_1206,32,0,0,20,0,16,0,0,31,0,k__Bacteria; p__Proteobacteria; c__Gammaproteobacteria; o__Pseudomonadales; f__Moraxellaceae; g__Enhydrobacter; s__Hydra vulgaris
JQ447964_1_1226,7,0,0,81,0,82,0,0,14,0,k__Bacteria; p__Proteobacteria; c__Gammaproteobacteria; o__Pasteurellales; f__Pasteurellaceae; g__Haemophilus; s__
KA217699_1_1364,58,0,0,181,0,86,0,0,123,0,k__Bacteria; p__Proteobacteria; c__Alphaproteobacteria; o__Rickettsiales; f__Mitochondria; g__Betula platyphylla; s__Betula platyphylla
BANB01000583_301_1769,143,0,0,1,0,20,0,0,2,0,k__Bacteria; p__Proteobacteria; c__Alphaproteobacteria; o__Acetobacterales; f__Acetobacteraceae; g__Acidisphaera; s__Acidisphaera rubrifaciens HS-AP3
FJ200390_1_1335,178,0,0,27,0,19,0,0,116,0,k__Bacteria; p__Actinobacteria; c__Actinobacteria; o__Corynebacteriales; f__Corynebacteriaceae; g__Corynebacterium 1; s__Corynebacterium simulans
KF817623_1_1324,92,0,0,6,0,2,0,0,12,0,k__Bacteria; p__Proteobacteria; c__Alphaproteobacteria; o__Rhodobacterales; f__Rhodobacteraceae; g__Paracoccus; s__Paracoccus siganidrum
JF146160_1_1334,21,0,13,586,0,2062,0,0,13,0,k__Bacteria; p__Fusobacteria; c__Fusobacteriia; o__Fusobacteriales; f__Leptotrichiaceae; g__Leptotrichia; s__
KX648433_1_1278,5,118,0,0,0,0,0,0,2,88,k__Bacteria; p__Firmicutes; c__Clostridia; o__Clostridiales; f__Clostridiaceae 1; g__Clostridium sensu stricto 1; s__Clostridium tertium
KR135740_1_1413,89,0,0,4,0,2,0,0,3,0,k__Bacteria; p__Proteobacteria; c__Alphaproteobacteria; o__Rhizobiales; f__Rhizobiaceae; g__Allorhizobium-Neorhizobium-Pararhizobium-Rhizobium; s__Rhizobium sp TSBF-S1
GQ379617_1_1220,35,0,0,5,0,12,27,0,70,1,k__Bacteria; p__Proteobacteria; c__Gammaproteobacteria; o__Enterobacteriales; f__Enterobacteriaceae; g__Pantoea; s__
JQ452088_1_1371,0,0,0,19,1,52,0,0,0,0,k__Bacteria; p__Bacteroidetes; c__Bacteroidia; o__Bacteroidales; f__Prevotellaceae; g__Prevotella 2; s__
CZBP01000074_1_1200,0,4,0,36,1643,128,4,1962,2,7,k__Bacteria; p__Firmicutes; c__Clostridia; o__Clostridiales; f__Lachnospiraceae; g__Blautia; s__Blautia obeum
CU919046_161_1471,71,0,0,32,0,10,0,0,56,0,k__Bacteria; p__Actinobacteria; c__Actinobacteria; o__Micrococcales; f__Dermatophilaceae; g__; s__
JQ460118_1_1339,0,0,0,113,0,111,0,0,10,0,k__Bacteria; p__Bacteroidetes; c__Bacteroidia; o__Bacteroidales; f__Prevotellaceae; g__Prevotella 7; s__
JF165797_1_1338,26,0,0,47,0,51,0,0,14,0,k__Bacteria; p__Actinobacteria; c__Actinobacteria; o__Corynebacteriales; f__Corynebacteriaceae; g__Lawsonella; s__
GDFQ01097140_5504_7009,0,0,0,5,0,0,0,0,99,0,k__Bacteria; p__Proteobacteria; c__Alphaproteobacteria; o__Rickettsiales; f__Mitochondria; g__Brassica napus (rape); s__Brassica napus (rape)
JQ475380_1_1424,0,0,0,48,0,27,1,0,0,0,k__Bacteria; p__Bacteroidetes; c__Bacteroidia; o__Bacteroidales; f__Porphyromonadaceae; g__Porphyromonas; s__
KM260006_1_1440,51,0,9,18,1,16,0,1,26,0,k__Bacteria; p__Proteobacteria; c__Gammaproteobacteria; o__Betaproteobacteriales; f__Burkholderiaceae; g__Noviherbaspirillum; s__Noviherbaspirillum sp THG-S10
JQ452110_1_1213,10,0,11,82,0,61,0,0,5,0,k__Bacteria; p__Bacteroidetes; c__Bacteroidia; o__Flavobacteriales; f__Flavobacteriaceae; g__Capnocytophaga; s__
DQ797921_1_1398,0,0,0,0,74,0,0,32,0,0,k__Bacteria; p__Firmicutes; c__Clostridia; o__Clostridiales; f__Ruminococcaceae; g__Ruminococcaceae UCG-002; s__
JF108092_1_1368,43,0,0,15,0,14,0,0,5,0,k__Bacteria; p__Planctomycetes; c__Planctomycetacia; o__Gemmatales; f__Gemmataceae; g__; s__
FJ365168_1_1375,0,0,0,0,35,0,0,14,0,0,k__Bacteria; p__Firmicutes; c__Clostridia; o__Clostridiales; f__Ruminococcaceae; g__Butyricicoccus; s__
EU468121_1_1291,0,0,0,2,244,2,0,213,0,0,k__Bacteria; p__Bacteroidetes; c__Bacteroidia; o__Bacteroidales; f__Bacteroidaceae; g__Bacteroides; s__
HM021549_1_1459,7,0,0,39,0,39,0,0,0,0,k__Bacteria; p__Firmicutes; c__Bacilli; o__Lactobacillales; f__Streptococcaceae; g__Streptococcus; s__
DQ807880_1_1397,1,0,0,0,360,0,0,218,0,0,k__Bacteria; p__Firmicutes; c__Clostridia; o__Clostridiales; f__Lachnospiraceae; g__[Eubacterium] hallii group; s__
GQ492274_1_1222,0,0,0,0,397,0,0,186,2,0,k__Bacteria; p__Bacteroidetes; c__Bacteroidia; o__Bacteroidales; f__Bacteroidaceae; g__Bacteroides; s__
DQ802678_1_1231,0,1,0,1,28,1,0,43,0,0,k__Bacteria; p__Firmicutes; c__Clostridia; o__Clostridiales; f__Ruminococcaceae; g__Ruminiclostridium 5; s__
EU765827_1_1360,0,2,0,0,15,0,0,19,0,1,k__Bacteria; p__Bacteroidetes; c__Bacteroidia; o__Bacteroidales; f__Bacteroidaceae; g__Bacteroides; s__
AXUD01000014_413_1915,2,0,0,29,0,6,0,0,0,0,k__Bacteria; p__Firmicutes; c__Clostridia; o__Clostridiales; f__Family XIII; g__[Eubacterium] brachy group; s__Eubacterium brachy ATCC 33089
CKQU01000078_7468_8814,436,1,11,151,2,160,0,1,81,5,k__Bacteria; p__Firmicutes; c__Bacilli; o__Lactobacillales; f__Streptococcaceae; g__Streptococcus; s__Streptococcus pneumoniae
DQ794427_1_1242,0,0,0,0,26,0,0,20,0,0,k__Bacteria; p__Firmicutes; c__Clostridia; o__Clostridiales; f__Ruminococcaceae; g__Oscillibacter; s__
DQ793417_1_1390,0,0,31,0,19,0,0,15,0,0,k__Bacteria; p__Firmicutes; c__Clostridia; o__Clostridiales; f__Ruminococcaceae; g__; s__
HM008848_1_1368,0,0,0,0,37,0,0,60,0,0,k__Bacteria; p__Firmicutes; c__Clostridia; o__Clostridiales; f__Ruminococcaceae; g__Ruminococcaceae UCG-004; s__
KF843334_1_1379,0,0,0,0,17,0,0,18,0,0,k__Bacteria; p__Firmicutes; c__Clostridia; o__Clostridiales; f__Christensenellaceae; g__Christensenellaceae R-7 group; s__
DQ800765_1_1389,1,395,0,7,869,21,146,638,0,356,k__Bacteria; p__Firmicutes; c__Clostridia; o__Clostridiales; f__Lachnospiraceae; g__Lachnospiraceae UCG-008; s__
HQ762766_1_1451,0,51,0,0,1,0,0,1,0,26,k__Bacteria; p__Firmicutes; c__Clostridia; o__Clostridiales; f__Lachnospiraceae; g__Lachnoclostridium; s__uncultured organism
EF404262_1_1485,0,0,1,1,36,0,0,74,0,0,k__Bacteria; p__Firmicutes; c__Clostridia; o__Clostridiales; f__Ruminococcaceae; g__Ruminiclostridium 5; s__
KF032625_1_1453,0,33,0,1,0,0,0,0,0,15,k__Bacteria; p__Proteobacteria; c__Gammaproteobacteria; o__Enterobacteriales; f__Enterobacteriaceae; g__Edwardsiella; s__Edwardsiella tarda
KY859853_1_1390,52,0,0,13,0,3,0,0,36,0,k__Bacteria; p__Actinobacteria; c__Actinobacteria; o__Micrococcales; f__Dermacoccaceae; g__Dermacoccus; s__Dermacoccus nishinomiyaensis
CU918729_1_1336,36,0,0,2,0,3,0,0,9,0,k__Bacteria; p__Proteobacteria; c__Alphaproteobacteria; o__Rhizobiales; f__Rhizobiaceae; g__Allorhizobium-Neorhizobium-Pararhizobium-Rhizobium; s__
JN171665_1_1345,85,0,0,3,0,2,0,0,10,0,k__Bacteria; p__Proteobacteria; c__Alphaproteobacteria; o__Acetobacterales; f__Acetobacteraceae; g__Belnapia; s__Belnapia soli
DQ794249_1_1391,0,24,0,0,0,0,0,0,0,33,k__Bacteria; p__Firmicutes; c__Clostridia; o__Clostridiales; f__Ruminococcaceae; g__Ruminiclostridium 5; s__
KX946191_1_1496,129,0,0,8,0,3,0,0,26,0,k__Bacteria; p__Actinobacteria; c__Actinobacteria; o__Micrococcales; f__Micrococcaceae; g__Pseudarthrobacter; s__Arthrobacter sp ES1
JQ855630_1_1284,128,0,0,7,0,5,0,0,10,0,k__Bacteria; p__Actinobacteria; c__Actinobacteria; o__Corynebacteriales; f__Corynebacteriaceae; g__Corynebacterium 1; s__
EF154093_1_1410,110,0,18,40,0,31,1,0,34,0,k__Bacteria; p__Actinobacteria; c__Actinobacteria; o__Micrococcales; f__Microbacteriaceae; g__Curtobacterium; s__
AB231940_1_1478,72,0,0,7,0,4,0,0,10,0,k__Bacteria; p__Proteobacteria; c__Alphaproteobacteria; o__Rhizobiales; f__Rhizobiales Incertae Sedis; g__Alsobacter; s__alpha proteobacterium SK200a-2
HJ352581_1_1346,67,0,37,2,0,0,0,0,6,0,k__Bacteria; p__Proteobacteria; c__Alphaproteobacteria; o__Rhodobacterales; f__Rhodobacteraceae; g__; s__unidentified
FJ982979_1_1549,0,0,0,29,0,6,0,6,3,5,k__Bacteria; p__Firmicutes; c__Negativicutes; o__Selenomonadales; f__Veillonellaceae; g__Anaeroglobus; s__
KC137130_1_1431,79,1,0,3,0,4,0,0,3,0,k__Bacteria; p__Proteobacteria; c__Alphaproteobacteria; o__Rhizobiales; f__Beijerinckiaceae; g__1174-901-12; s__
GQ030957_1_1341,20,0,0,18,0,17,0,0,15,0,k__Bacteria; p__Actinobacteria; c__Actinobacteria; o__Micrococcales; f__Dermabacteraceae; g__Brachybacterium; s__
KU199221_1_1267,27,0,1,2,0,0,1,0,18,0,k__Bacteria; p__Proteobacteria; c__Gammaproteobacteria; o__Xanthomonadales; f__Xanthomonadaceae; g__Stenotrophomonas; s__[Pseudomonas] hibiscicola
AY328673_1_1474,70,0,0,2,0,0,0,0,7,0,k__Bacteria; p__Proteobacteria; c__Alphaproteobacteria; o__Rhizobiales; f__Beijerinckiaceae; g__Methylobacterium; s__
KM462865_161283_162910,624,0,13,2,0,2,0,0,60,0,k__Bacteria; p__Cyanobacteria; c__Oxyphotobacteria; o__Chloroplast; f__Edaphochlorella mirabilis; g__Edaphochlorella mirabilis; s__Edaphochlorella mirabilis
FJ369308_1_1240,0,1,0,55,0,12,0,0,1,2,k__Bacteria; p__Firmicutes; c__Negativicutes; o__Selenomonadales; f__Veillonellaceae; g__Dialister; s__
JQ476717_1_1384,0,0,0,35,1,46,0,2,1,0,k__Bacteria; p__Firmicutes; c__Clostridia; o__Clostridiales; f__Lachnospiraceae; g__Stomatobaculum; s__
DQ809023_1_1214,0,4,0,0,293,0,1,328,0,20,k__Bacteria; p__Firmicutes; c__Clostridia; o__Clostridiales; f__Ruminococcaceae; g__Subdoligranulum; s__
AB193261_1_1528,8,0,0,8,0,13,0,0,11,0,k__Bacteria; p__Actinobacteria; c__Thermoleophilia; o__Solirubrobacterales; f__Solirubrobacteraceae; g__Patulibacter; s__Patulibacter minatonensis
GQ448318_1_1256,2,3,0,345,1,147,0,1,5,5,k__Bacteria; p__Firmicutes; c__Negativicutes; o__Selenomonadales; f__Veillonellaceae; g__Veillonella; s__
JQ477229_1_1399,0,0,0,43,0,84,0,0,1,0,k__Bacteria; p__Bacteroidetes; c__Bacteroidia; o__Bacteroidales; f__Prevotellaceae; g__Prevotella; s__
MKVH01000023_306_1794,2,0,1,9,0,1,0,0,10,0,k__Bacteria; p__Bacteroidetes; c__Ignavibacteria; o__OPB56; f__Candidatus Kapabacteria sp 59-99; g__Candidatus Kapabacteria sp 59-99; s__Candidatus Kapabacteria sp 59-99
GQ109547_1_1335,42,0,5,18,0,28,0,0,9,0,k__Bacteria; p__Actinobacteria; c__Actinobacteria; o__Corynebacteriales; f__Corynebacteriaceae; g__Corynebacterium 1; s__
EU289507_1_1448,6,0,1,5,0,22,1,0,9,0,k__Bacteria; p__Proteobacteria; c__Alphaproteobacteria; o__Rhizobiales; f__Beijerinckiaceae; g__Methylobacterium; s__
DQ802238_1_1233,0,8,0,0,359,0,4,218,0,7,k__Bacteria; p__Firmicutes; c__Clostridia; o__Clostridiales; f__Ruminococcaceae; g__Faecalibacterium; s__
GQ094037_1_1349,37,0,0,17,0,19,0,0,34,0,k__Bacteria; p__Firmicutes; c__Clostridia; o__Clostridiales; f__Family XI; g__Anaerococcus; s__
FM873343_1_1481,31,0,0,5,0,13,0,0,4,0,k__Bacteria; p__Actinobacteria; c__Actinobacteria; o__Micrococcales; f__Micrococcaceae; g__Rothia; s__
EU467730_1_1370,0,0,0,0,458,0,0,243,0,0,k__Bacteria; p__Bacteroidetes; c__Bacteroidia; o__Bacteroidales; f__Bacteroidaceae; g__Bacteroides; s__
LT799002_1_1453,0,4,0,1,85,8,0,56,2,5,k__Bacteria; p__Firmicutes; c__Clostridia; o__Clostridiales; f__Lachnospiraceae; g__Blautia; s__Blautia sp Marseille-P3387
DQ797899_1_1288,0,0,0,0,26,0,0,39,0,0,k__Bacteria; p__Firmicutes; c__Clostridia; o__Clostridiales; f__Ruminococcaceae; g__Faecalibacterium; s__
DQ824239_1_1292,0,80,0,0,248,0,0,246,0,160,k__Bacteria; p__Firmicutes; c__Clostridia; o__Clostridiales; f__Ruminococcaceae; g__Faecalibacterium; s__
FJ983026_1_1522,0,0,0,19,0,7,0,0,0,0,k__Bacteria; p__Firmicutes; c__Clostridia; o__Clostridiales; f__Peptostreptococcaceae; g__Filifactor; s__
DQ808523_1_1301,1,0,0,0,42,3,0,20,0,0,k__Bacteria; p__Bacteroidetes; c__Bacteroidia; o__Bacteroidales; f__Barnesiellaceae; g__Barnesiella; s__
KF842615_1_1391,0,0,0,0,22,0,0,8,1,0,k__Bacteria; p__Bacteroidetes; c__Bacteroidia; o__Bacteroidales; f__Marinifilaceae; g__Odoribacter; s__
HQ774646_1_1457,0,0,0,1,23,0,0,15,0,0,k__Bacteria; p__Proteobacteria; c__Gammaproteobacteria; o__Betaproteobacteriales; f__Burkholderiaceae; g__Parasutterella; s__uncultured organism
DQ824284_1_1383,0,0,0,46,37,131,0,44,2,2,k__Bacteria; p__Firmicutes; c__Clostridia; o__Clostridiales; f__Lachnospiraceae; g__Lachnospiraceae UCG-008; s__
EU776894_1_1287,0,0,0,0,75,0,0,95,1,0,k__Bacteria; p__Firmicutes; c__Clostridia; o__Clostridiales; f__Lachnospiraceae; g__; s__
EF399641_1_1478,0,0,0,3,19,0,0,8,2,1,k__Bacteria; p__Firmicutes; c__Clostridia; o__Clostridiales; f__Family XIII; g__Family XIII UCG-001; s__
DQ801376_1_1396,0,1,0,0,92,0,45,74,0,4,k__Bacteria; p__Firmicutes; c__Clostridia; o__Clostridiales; f__Ruminococcaceae; g__Faecalibacterium; s__
EU464372_1_1389,0,16,0,15,90,19,49,70,1,6,k__Bacteria; p__Firmicutes; c__Clostridia; o__Clostridiales; f__Lachnospiraceae; g__; s__
HQ762443_1_1456,0,0,0,0,29,0,0,29,0,0,k__Bacteria; p__Firmicutes; c__Clostridia; o__Clostridiales; f__Ruminococcaceae; g__UBA1819; s__uncultured organism
EU765003_1_1353,1,0,0,0,26,0,0,23,0,0,k__Bacteria; p__Firmicutes; c__Clostridia; o__Clostridiales; f__Ruminococcaceae; g__Ruminiclostridium 9; s__
EF099253_1_1395,0,4,0,0,24,0,2,22,0,3,k__Bacteria; p__Firmicutes; c__Clostridia; o__Clostridiales; f__Ruminococcaceae; g__Anaerotruncus; s__
DQ808394_1_1404,1,0,0,0,15,0,1,11,0,0,k__Bacteria; p__Proteobacteria; c__Gammaproteobacteria; o__Betaproteobacteriales; f__Burkholderiaceae; g__Sutterella; s__
GU179917_1_1382,2,7,0,2,14,2,0,9,0,15,k__Bacteria; p__Firmicutes; c__Erysipelotrichia; o__Erysipelotrichales; f__Erysipelotrichaceae; g__Erysipelatoclostridium; s__uncultured Firmicutes bacterium
DQ808354_1_1389,0,6,0,5,268,1,0,293,1,1,k__Bacteria; p__Firmicutes; c__Clostridia; o__Clostridiales; f__Lachnospiraceae; g__Anaerostipes; s__
EU773493_1_1382,1,17,0,0,69,0,0,35,0,15,k__Bacteria; p__Firmicutes; c__Clostridia; o__Clostridiales; f__Lachnospiraceae; g__Dorea; s__
HQ769184_1_1450,0,0,0,0,193,0,0,131,1,0,k__Bacteria; p__Bacteroidetes; c__Bacteroidia; o__Bacteroidales; f__Bacteroidaceae; g__Bacteroides; s__uncultured organism
DQ794193_1_1383,0,0,0,0,5,0,0,3,0,0,k__Bacteria; p__Firmicutes; c__Clostridia; o__Clostridiales; f__Ruminococcaceae; g__Negativibacillus; s__
HQ721247_1_1524,2,2,18,9,0,3,0,0,5,3,k__Bacteria; p__Firmicutes; c__Bacilli; o__Lactobacillales; f__Leuconostocaceae; g__Weissella; s__Weissella paramesenteroides
HQ766578_1_1445,0,0,0,0,9,0,0,11,0,0,k__Bacteria; p__Firmicutes; c__Clostridia; o__Clostridiales; f__Lachnospiraceae; g__; s__uncultured organism
KC634092_1_1394,27,0,89,12,0,16,22,0,14,0,k__Bacteria; p__Proteobacteria; c__Alphaproteobacteria; o__Sphingomonadales; f__Sphingomonadaceae; g__Sphingomonas; s__Sphingomonas sp UAC-65
DQ807452_1_1391,0,9,0,0,72,3,0,98,1,4,k__Bacteria; p__Firmicutes; c__Clostridia; o__Clostridiales; f__Lachnospiraceae; g__Blautia; s__
KP717471_1_1485,1,0,30,1,0,0,0,0,3,0,k__Bacteria; p__Gemmatimonadetes; c__Gemmatimonadetes; o__Gemmatimonadales; f__Gemmatimonadaceae; g__Gemmatimonas; s__uncultured Gemmatimonadetes bacterium
EU762681_1_1284,0,0,0,0,213,1,0,269,0,0,k__Bacteria; p__Bacteroidetes; c__Bacteroidia; o__Bacteroidales; f__Bacteroidaceae; g__Bacteroides; s__
EF019824_1_1353,8,0,28,2,0,3,0,0,8,0,k__Bacteria; p__Bacteroidetes; c__Bacteroidia; o__Chitinophagales; f__Chitinophagaceae; g__; s__uncultured Bacteroidetes bacterium
DQ441348_1_1312,1,0,0,0,49,0,0,33,0,0,k__Bacteria; p__Firmicutes; c__Clostridia; o__Clostridiales; f__Ruminococcaceae; g__Ruminococcaceae UCG-003; s__
FPLO01001078_4_1516,3,0,0,0,142,1,1,76,6,0,k__Bacteria; p__Proteobacteria; c__Gammaproteobacteria; o__Betaproteobacteriales; f__Burkholderiaceae; g__Sutterella; s__metagenome
DQ001628_1_1409,0,0,16,1,0,0,0,0,0,0,k__Bacteria; p__Proteobacteria; c__Alphaproteobacteria; o__Micavibrionales; f__Micavibrionaceae; g__; s__
JX075131_1_1241,1,0,37,0,0,0,0,1,0,1,k__Bacteria; p__Proteobacteria; c__Gammaproteobacteria; o__Oceanospirillales; f__Halomonadaceae; g__Halomonas; s__
CP019701_2614607_2616025,0,6,0,1,4,1,0,23,0,48,k__Bacteria; p__Proteobacteria; c__Alphaproteobacteria; o__Rhizobiales; f__Rhizobiaceae; g__Allorhizobium-Neorhizobium-Pararhizobium-Rhizobium; s__Rhizobium rhizogenes
EU531806_1_1230,58,0,64,14,0,9,2,0,12,0,k__Bacteria; p__Proteobacteria; c__Gammaproteobacteria; o__Pseudomonadales; f__Pseudomonadaceae; g__Pseudomonas; s__Pseudomonas stutzeri
LF133117_1_1534,3,0,14,40,0,35,0,0,0,0,k__Bacteria; p__Actinobacteria; c__Actinobacteria; o__Actinomycetales; f__Actinomycetaceae; g__Actinomyces; s__Actinomyces sp oral clone GU009
KC554321_1_1538,70,0,10,3,0,9,0,0,23,0,k__Bacteria; p__Actinobacteria; c__Thermoleophilia; o__Solirubrobacterales; f__Solirubrobacteraceae; g__Solirubrobacter; s__
KF843440_1_1336,1,0,0,0,47,0,0,61,0,0,k__Bacteria; p__Firmicutes; c__Clostridia; o__Clostridiales; f__Ruminococcaceae; g__Ruminococcaceae UCG-005; s__
DQ794028_1_1371,0,0,0,0,69,0,0,51,0,0,k__Bacteria; p__Bacteroidetes; c__Bacteroidia; o__Bacteroidales; f__Bacteroidaceae; g__Bacteroides; s__
EU776668_1_1390,0,339,0,0,203,0,74,161,0,342,k__Bacteria; p__Firmicutes; c__Clostridia; o__Clostridiales; f__Lachnospiraceae; g__[Ruminococcus] gnavus group; s__
EU766762_1_1353,0,199,0,0,19,0,0,15,0,164,k__Bacteria; p__Firmicutes; c__Clostridia; o__Clostridiales; f__Lachnospiraceae; g__[Ruminococcus] gnavus group; s__
EU037903_1_1505,0,15,0,1,1,0,0,2,0,3,k__Bacteria; p__Firmicutes; c__Clostridia; o__Clostridiales; f__Clostridiaceae 1; g__Clostridium sensu stricto 3; s__Clostridium amylolyticum
DQ799914_1_1393,0,11,0,0,0,0,0,0,0,2,k__Bacteria; p__Firmicutes; c__Clostridia; o__Clostridiales; f__Lachnospiraceae; g__[Ruminococcus] gauvreauii group; s__
EU776550_1_1288,1,204,0,0,18,0,4,14,0,188,k__Bacteria; p__Firmicutes; c__Clostridia; o__Clostridiales; f__Lachnospiraceae; g__Lachnospiraceae UCG-004; s__
CXYW01000005_19464_20790,0,26,0,0,0,0,0,0,0,27,k__Bacteria; p__Firmicutes; c__Clostridia; o__Clostridiales; f__Lachnospiraceae; g__Epulopiscium; s__Niameybacter massiliensis
GQ038490_1_1362,0,0,0,9,0,2,0,0,13,0,k__Bacteria; p__Bacteroidetes; c__Bacteroidia; o__Bacteroidales; f__Prevotellaceae; g__Prevotella; s__
JF005024_1_1339,209,0,0,68,0,18,0,0,134,0,k__Bacteria; p__Actinobacteria; c__Actinobacteria; o__Corynebacteriales; f__Corynebacteriaceae; g__Corynebacterium 1; s__
HQ844499_1_1439,12,0,0,12,0,24,0,0,8,0,k__Bacteria; p__Firmicutes; c__Bacilli; o__Bacillales; f__Paenibacillaceae; g__Brevibacillus; s__Brevibacillus formosus
FPLS01013203_15_1552,0,0,1,19,0,2,0,0,11,0,k__Bacteria; p__Verrucomicrobia; c__Verrucomicrobiae; o__Opitutales; f__Opitutaceae; g__Cephaloticoccus; s__metagenome
AJ298940_1_1511,190,0,0,21,0,10,0,0,81,0,k__Bacteria; p__Actinobacteria; c__Actinobacteria; o__Micrococcales; f__Micrococcaceae; g__Neomicrococcus; s__Micrococcus lylae
GQ288915_1_1347,99,1,5,12,0,8,11,0,20,0,k__Bacteria; p__Proteobacteria; c__Alphaproteobacteria; o__Rhizobiales; f__Beijerinckiaceae; g__Bosea; s__bacterium KR 1998/3_23
CP017560_1506905_1508464,6,0,0,6,0,2,0,0,15,0,k__Bacteria; p__Firmicutes; c__Bacilli; o__Bacillales; f__Planococcaceae; g__Sporosarcina; s__Lysinibacillus sphaericus
EU774470_1_1372,0,12,0,0,0,2,0,0,0,25,k__Bacteria; p__Firmicutes; c__Clostridia; o__Clostridiales; f__Clostridiaceae 1; g__Clostridium sensu stricto 1; s__
JX306769_1_1337,35,0,0,4,0,5,0,0,14,0,k__Bacteria; p__Actinobacteria; c__Actinobacteria; o__Micrococcales; f__Dermatophilaceae; g__Dermatophilus; s__Dermatophilus sp AD3
FPLS01062203_1_1282,13,0,0,47,1,14,9,0,36,0,k__Bacteria; p__Proteobacteria; c__Gammaproteobacteria; o__Betaproteobacteriales; f__Burkholderiaceae; g__Paucibacter; s__metagenome
AM116742_1_1289,12,0,0,36,0,6,0,0,22,0,k__Bacteria; p__Proteobacteria; c__Gammaproteobacteria; o__Xanthomonadales; f__Xanthomonadaceae; g__Lysobacter; s__uncultured gamma proteobacterium
ATFO01000001_3627_5132,40,0,0,3,0,1,0,0,12,0,k__Bacteria; p__Actinobacteria; c__Actinobacteria; o__Micrococcales; f__Dermabacteraceae; g__Dermabacter; s__Dermabacter sp HFH0086
HQ143329_1_1485,29,0,0,8,0,23,0,0,10,0,k__Bacteria; p__Actinobacteria; c__Actinobacteria; o__Kineosporiales; f__Kineosporiaceae; g__Kineococcus; s__
KJ473428_1_1472,8,0,0,1,0,0,0,0,17,0,k__Bacteria; p__Bacteroidetes; c__Bacteroidia; o__Cytophagales; f__Spirosomaceae; g__Dyadobacter; s__Dyadobacter sediminis
JX883678_1_1413,0,0,0,0,0,0,0,1,14,0,k__Bacteria; p__Proteobacteria; c__Gammaproteobacteria; o__Xanthomonadales; f__Xanthomonadaceae; g__Vulcaniibacterium; s__
KJ185037_1_1451,37,0,0,5,0,1,0,0,21,0,k__Bacteria; p__Proteobacteria; c__Gammaproteobacteria; o__Xanthomonadales; f__Xanthomonadaceae; g__Stenotrophomonas; s__Stenotrophomonas sp FSBSN2
KM273574_1_949,23,0,0,2,0,1,0,0,0,0,k__Archaea; p__Thaumarchaeota; c__Nitrososphaeria; o__Nitrososphaerales; f__Nitrososphaeraceae; g__uncultured archaeon; s__uncultured archaeon
BAJP01000099_35_1544,0,0,0,16,0,8,0,0,14,0,k__Bacteria; p__Bacteroidetes; c__Bacteroidia; o__Bacteroidales; f__Prevotellaceae; g__Prevotella; s__Prevotella amnii DSM 23384 = JCM 14753
JF682101_1_1336,36,0,0,4,0,1,0,0,9,0,k__Bacteria; p__Proteobacteria; c__Gammaproteobacteria; o__Betaproteobacteriales; f__Burkholderiaceae; g__Variovorax; s__Variovorax soli
JQ855576_1_1252,211,0,0,29,0,22,0,0,200,0,k__Bacteria; p__Actinobacteria; c__Actinobacteria; o__Micrococcales; f__Micrococcaceae; g__; s__
JN104058_1_1420,92,0,8,29,0,21,0,0,60,0,k__Bacteria; p__Firmicutes; c__Bacilli; o__Bacillales; f__Staphylococcaceae; g__Staphylococcus; s__Staphylococcus sp SV3
AF204249_1_1455,1,0,0,11,0,4,5,0,14,0,k__Bacteria; p__Proteobacteria; c__Gammaproteobacteria; o__Betaproteobacteriales; f__Rhodocyclaceae; g__Zoogloea; s__uncultured beta proteobacterium
DQ815232_1_1399,46,0,0,9,0,6,0,0,2,0,k__Bacteria; p__Proteobacteria; c__Alphaproteobacteria; o__Tistrellales; f__Geminicoccaceae; g__Candidatus Alysiosphaera; s__
AB299584_1_1412,11,0,0,3,0,18,0,0,7,0,k__Bacteria; p__Proteobacteria; c__Alphaproteobacteria; o__Sphingomonadales; f__Sphingomonadaceae; g__Sphingomonas; s__Sphingomonas sp M60-VN10-2W
GQ379563_1_1252,18,0,14,10,0,7,2,0,11,0,k__Bacteria; p__Proteobacteria; c__Gammaproteobacteria; o__Betaproteobacteriales; f__Burkholderiaceae; g__Pseudorhodoferax; s__
EU861940_1_1464,9,0,0,3,0,9,0,0,6,0,k__Bacteria; p__Proteobacteria; c__Alphaproteobacteria; o__Acetobacterales; f__Acetobacteraceae; g__Acidiphilium; s__uncultured soil bacterium
FPLS01046610_16_1459,31,0,0,5,0,1,0,0,2,0,k__Bacteria; p__Proteobacteria; c__Alphaproteobacteria; o__Rhodobacterales; f__Rhodobacteraceae; g__Amaricoccus; s__metagenome
JQ627494_1_1371,126,0,0,10,0,43,0,0,8,0,k__Bacteria; p__Bacteroidetes; c__Bacteroidia; o__Cytophagales; f__Hymenobacteraceae; g__Hymenobacter; s__uncultured Bacteroidetes bacterium
BBJT01000029_62_1595,72,0,0,1,0,0,0,0,3,0,k__Bacteria; p__Firmicutes; c__Bacilli; o__Bacillales; f__Paenibacillaceae; g__Paenibacillus; s__Paenibacillus chitinolyticus NBRC 15660
FJ657912_1_1254,260,0,0,8,0,2,0,0,52,0,k__Bacteria; p__Actinobacteria; c__Actinobacteria; o__Corynebacteriales; f__Mycobacteriaceae; g__Mycobacterium; s__
JF152804_1_1371,421,0,0,56,1,77,0,0,49,0,k__Bacteria; p__Firmicutes; c__Bacilli; o__Lactobacillales; f__Streptococcaceae; g__Streptococcus; s__
FN421801_1_1367,57,0,0,16,0,15,0,0,22,0,k__Bacteria; p__Proteobacteria; c__Alphaproteobacteria; o__Rhizobiales; f__Rhizobiaceae; g__Aureimonas; s__
EF515967_1_1476,27,0,0,0,0,3,0,0,0,0,k__Bacteria; p__Proteobacteria; c__Deltaproteobacteria; o__Myxococcales; f__Haliangiaceae; g__Haliangium; s__
JQ855557_1_1220,34,0,0,3,0,3,0,0,5,0,k__Bacteria; p__Proteobacteria; c__Alphaproteobacteria; o__Rhodobacterales; f__Rhodobacteraceae; g__Rubellimicrobium; s__
AF408324_1_1468,21,0,0,1,0,8,0,0,5,0,k__Bacteria; p__Proteobacteria; c__Alphaproteobacteria; o__Acetobacterales; f__Acetobacteraceae; g__Roseomonas; s__uncultured Acetobacteraceae bacterium
Y07606_1_1457,46,0,0,2,0,3,0,0,6,2,k__Bacteria; p__Actinobacteria; c__Actinobacteria; o__Frankiales; f__Acidothermaceae; g__Acidothermus; s__ DA016
KX509553_1_1445,24,0,0,0,0,1,0,0,0,0,k__Bacteria; p__Proteobacteria; c__Alphaproteobacteria; o__Rhizobiales; f__Beijerinckiaceae; g__1174-901-12; s__
FPLS01021539_1_1352,65,0,0,3,0,7,0,0,5,0,k__Bacteria; p__Proteobacteria; c__Deltaproteobacteria; o__Myxococcales; f__Polyangiaceae; g__Pajaroellobacter; s__metagenome
GU391528_1_1542,26,0,6,3,0,6,0,0,8,0,k__Bacteria; p__Firmicutes; c__Bacilli; o__Bacillales; f__Bacillaceae; g__Bacillus; s__Bacillus sp Pd3T
AB755790_1_1348,13,0,0,13,0,11,0,0,13,0,k__Bacteria; p__Proteobacteria; c__Alphaproteobacteria; o__Rhizobiales; f__Rhizobiaceae; g__Allorhizobium-Neorhizobium-Pararhizobium-Rhizobium; s__Rhizobium sp RH-10
DQ629488_1_1478,0,0,0,13,0,8,0,0,3,0,k__Bacteria; p__Cyanobacteria; c__Oxyphotobacteria; o__Chloroplast; f__Asplenium nidus (bird's-nest fern); g__Asplenium nidus (bird's-nest fern); s__Asplenium nidus (bird's-nest fern)
KC189756_1_1450,0,0,0,6,0,0,0,0,2,0,k__Bacteria; p__Proteobacteria; c__Alphaproteobacteria; o__Micavibrionales; f__; g__; s__
AB548043_1_1279,1,0,0,26,0,2,0,0,1,0,k__Bacteria; p__Proteobacteria; c__Gammaproteobacteria; o__Betaproteobacteriales; f__Burkholderiaceae; g__Hydrogenophaga; s__
KF098311_1_1350,14,0,0,42,0,5,0,0,10,0,k__Bacteria; p__Bacteroidetes; c__Bacteroidia; o__Flavobacteriales; f__Weeksellaceae; g__Bergeyella; s__
EU137419_1_1497,0,0,1,36,0,69,0,0,0,0,k__Bacteria; p__Proteobacteria; c__Gammaproteobacteria; o__Betaproteobacteriales; f__Neisseriaceae; g__; s__
AWSC01000005_3443_4969,0,0,0,16,2,13,0,0,0,0,k__Bacteria; p__Actinobacteria; c__Actinobacteria; o__Actinomycetales; f__Actinomycetaceae; g__Actinomyces; s__Actinomyces graevenitzii F0530
HK555365_1_1350,2,0,0,127,0,107,0,0,1,0,k__Bacteria; p__Actinobacteria; c__Actinobacteria; o__Actinomycetales; f__Actinomycetaceae; g__Actinomyces; s__unidentified
GU432165_1_1236,0,1,0,38,0,21,0,1,0,0,k__Bacteria; p__Firmicutes; c__Negativicutes; o__Selenomonadales; f__Veillonellaceae; g__; s__Mitsuokella sp oral taxon G68
AY958777_1_1503,3,0,0,65,0,33,0,0,9,0,k__Bacteria; p__Bacteroidetes; c__Bacteroidia; o__Flavobacteriales; f__Weeksellaceae; g__Bergeyella; s__
FJ470591_1_1499,18,1,0,71,2,71,0,0,10,0,k__Bacteria; p__Actinobacteria; c__Actinobacteria; o__Actinomycetales; f__Actinomycetaceae; g__Actinomyces; s__
JQ476792_1_1429,0,0,0,51,3,36,0,3,0,0,k__Bacteria; p__Firmicutes; c__Negativicutes; o__Selenomonadales; f__Veillonellaceae; g__Selenomonas 3; s__
JQ472192_1_1400,0,0,0,43,0,29,0,0,1,0,k__Bacteria; p__Bacteroidetes; c__Bacteroidia; o__Bacteroidales; f__Prevotellaceae; g__Prevotella; s__
HK556810_1_1470,0,0,0,22,0,17,0,0,0,0,k__Bacteria; p__Bacteroidetes; c__Bacteroidia; o__Bacteroidales; f__Prevotellaceae; g__Prevotella 7; s__unidentified
KF101112_1_1346,0,0,0,17,0,5,0,0,0,1,k__Bacteria; p__Firmicutes; c__Clostridia; o__Clostridiales; f__Family XI; g__Parvimonas; s__
MCNX01000003_607_2158,48,0,0,60,0,59,0,0,26,0,k__Bacteria; p__Actinobacteria; c__Actinobacteria; o__Corynebacteriales; f__Corynebacteriaceae; g__Corynebacterium; s__Corynebacterium pseudotuberculosis
LN563318_1_1330,18,0,0,16,0,8,0,0,8,0,k__Bacteria; p__Proteobacteria; c__Alphaproteobacteria; o__Rhizobiales; f__Rhizobiales Incertae Sedis; g__Nordella; s__
KP409882_1_1218,10,0,0,7,0,3,0,0,9,0,k__Bacteria; p__Firmicutes; c__Bacilli; o__Bacillales; f__Family XII; g__Exiguobacterium; s__uncultured prokaryote
JF237055_1_1286,21,0,0,69,1,44,0,0,9,2,k__Bacteria; p__Firmicutes; c__Bacilli; o__Lactobacillales; f__Carnobacteriaceae; g__Granulicatella; s__
JQ451999_1_1413,2,0,0,15,0,7,0,0,4,0,k__Bacteria; p__Actinobacteria; c__Actinobacteria; o__Actinomycetales; f__Actinomycetaceae; g__Actinomyces; s__
JQ454076_1_1382,40,0,0,46,0,33,0,0,4,0,k__Bacteria; p__Actinobacteria; c__Actinobacteria; o__Micrococcales; f__Micrococcaceae; g__Rothia; s__
EU663607_1_1411,0,0,0,28,0,8,0,0,0,0,k__Bacteria; p__Bacteroidetes; c__Bacteroidia; o__Bacteroidales; f__Prevotellaceae; g__Prevotella 1; s__
JQ654140_1_1491,0,0,0,37,0,26,0,0,0,0,k__Bacteria; p__Spirochaetes; c__Spirochaetia; o__Spirochaetales; f__Spirochaetaceae; g__Treponema 2; s__uncultured Treponema sp
AP013044_700729_702233,0,0,0,28,1,255,0,0,1,0,k__Bacteria; p__Bacteroidetes; c__Bacteroidia; o__Bacteroidales; f__Tannerellaceae; g__Tannerella; s__Tannerella forsythia 3313
JF703550_1_1438,6,0,0,11,0,4,0,0,7,0,k__Bacteria; p__Proteobacteria; c__Gammaproteobacteria; o__Betaproteobacteriales; f__SC-I-84; g__uncultured beta proteobacterium; s__uncultured beta proteobacterium
JX298782_1_1507,90,0,0,21,0,13,0,0,48,0,k__Bacteria; p__Actinobacteria; c__Actinobacteria; o__Corynebacteriales; f__Corynebacteriaceae; g__Corynebacterium 1; s__Corynebacterium bovis
AM420035_1_1477,0,0,4,42,0,488,0,0,0,0,k__Bacteria; p__Fusobacteria; c__Fusobacteriia; o__Fusobacteriales; f__Leptotrichiaceae; g__Leptotrichia; s__uncultured Leptotrichia sp
AB637074_1_1458,44,0,0,4,0,24,0,0,7,0,k__Bacteria; p__Acidobacteria; c__Acidobacteriia; o__Acidobacteriales; f__Acidobacteriaceae (Subgroup 1); g__Terriglobus; s__
FJ592545_1_1322,15,0,0,17,0,7,0,0,9,0,k__Bacteria; p__Proteobacteria; c__Alphaproteobacteria; o__Rhodobacterales; f__Rhodobacteraceae; g__; s__
AF432138_1_1487,1,0,0,15,0,40,0,0,3,0,k__Bacteria; p__Fusobacteria; c__Fusobacteriia; o__Fusobacteriales; f__Leptotrichiaceae; g__Leptotrichia; s__Leptotrichia sp oral clone FP036
GU227217_1_1457,6,0,0,5,0,69,0,0,0,0,k__Bacteria; p__Firmicutes; c__Clostridia; o__Clostridiales; f__Lachnospiraceae; g__Johnsonella; s__uncultured Lachnospiraceae bacterium
AF058665_1_1613,2,0,0,36,0,0,0,0,1,0,k__Bacteria; p__Proteobacteria; c__Alphaproteobacteria; o__Rickettsiales; f__Mitochondria; g__Polypodium aureum; s__Polypodium aureum
KF084442_1_1326,5,0,0,14,0,14,0,0,1,0,k__Bacteria; p__Firmicutes; c__Clostridia; o__Clostridiales; f__Family XI; g__Peptoniphilus; s__
